{"graph": {"_type": "graph-file", "path": "media/graph/graph_summary_04f08022.graph.json", "sha256": "04f080221c9082801e79f467be928279d869d0b45d71cb9625d94d91937b8c68", "size": 1038}, "val_loss": 0.05988549068570137, "_step": 9, "_runtime": 280.3410441875458, "epoch": 9, "loss": 0.020365752279758453, "_timestamp": 1592676966.490178, "accuracy": 0.9929166436195374, "val_accuracy": 0.9873999953269958, "best_val_loss": 0.048221245408058167, "best_epoch": 3}
