{"graph": {"_type": "graph-file", "path": "media/graph/graph_summary_04f08022.graph.json", "sha256": "04f080221c9082801e79f467be928279d869d0b45d71cb9625d94d91937b8c68", "size": 1038}, "_runtime": 48.24272346496582, "_timestamp": 1593005839.5447145, "_step": 9, "epoch": 9, "loss": 0.022229500114917755, "accuracy": 0.9926666617393494, "val_loss": 0.05561130493879318, "val_accuracy": 0.9873999953269958, "best_val_loss": 0.04780995473265648, "best_epoch": 3}
