{"graph": {"_type": "graph-file", "path": "media/graph/graph_summary_a49bc41e.graph.json", "sha256": "a49bc41e655bbfd90a319064a54c427482a1c27ef6b6bae0251fac4cc20edfae", "size": 1087}, "_runtime": 32.76429224014282, "_timestamp": 1593009590.4511955, "_step": 9, "epoch": 9, "loss": 0.021598149091005325, "accuracy": 0.9927166700363159, "val_loss": 0.03257874399423599, "val_accuracy": 0.9905999898910522, "best_val_loss": 0.03257874399423599, "best_epoch": 9}
