{"graph": {"_type": "graph-file", "path": "media/graph/graph_summary_ef2c46c7.graph.json", "sha256": "ef2c46c785b02a482529f31651f63755de1389315a92866744b2979d8dcf1db9", "size": 1034}, "val_loss": 0.0366852767765522, "_step": 9, "_timestamp": 1593084904.5075612, "accuracy": 0.9930999875068665, "epoch": 9, "loss": 0.021001089364290237, "val_accuracy": 0.9896000027656555, "_runtime": 40.10475969314575, "best_val_loss": 0.03185661509633064, "best_epoch": 7}
