{"graph": {"_type": "graph-file", "path": "media/graph/graph_summary_3f081e8e.graph.json", "sha256": "3f081e8e387b133b76890a31a43b02b5f54328fab57cc8f701f569f5eb328530", "size": 1082}, "_runtime": 45.14347791671753, "_timestamp": 1593007188.7758589, "_step": 9, "epoch": 9, "loss": 0.01608123816549778, "accuracy": 0.9944666624069214, "val_loss": 0.04516210779547691, "val_accuracy": 0.9872999787330627, "best_val_loss": 0.03849862143397331, "best_epoch": 5}
