{"graph": {"_type": "graph-file", "path": "media/graph/graph_summary_0d33a894.graph.json", "sha256": "0d33a894a8f0daf142145a79919abd8f60c0325e14f443c81edbfc0a68c9c8d4", "size": 1036}, "val_loss": 0.03759755566716194, "_runtime": 39.54864859580994, "val_accuracy": 0.9897000193595886, "epoch": 9, "_step": 9, "accuracy": 0.9953666925430298, "_timestamp": 1593089859.9626043, "loss": 0.01339955348521471, "best_val_loss": 0.031924378126859665, "best_epoch": 4}
