{"graph": {"_type": "graph-file", "path": "media/graph/graph_summary_d03db22d.graph.json", "sha256": "d03db22d4051a35b5006f4c47f703eb020f24ef678a61d318aea1ab186944ea9", "size": 1080}, "_runtime": 32.465739250183105, "_timestamp": 1593008594.3473969, "_step": 9, "epoch": 9, "loss": 0.028333555907011032, "accuracy": 0.9907000064849854, "val_loss": 0.0430634431540966, "val_accuracy": 0.9868999719619751, "best_val_loss": 0.038238268345594406, "best_epoch": 6}
