{"graph": {"_type": "graph-file", "path": "media/graph/graph_summary_0d33a894.graph.json", "sha256": "0d33a894a8f0daf142145a79919abd8f60c0325e14f443c81edbfc0a68c9c8d4", "size": 1036}, "_runtime": 37.008732080459595, "accuracy": 0.09911666810512543, "val_loss": 27.250308990478516, "loss": 27.304580688476562, "val_accuracy": 0.11339999735355377, "epoch": 9, "_step": 9, "_timestamp": 1593089136.3570726, "best_val_loss": 27.250308990478516, "best_epoch": 4}
