{"graph": {"_type": "graph-file", "path": "media/graph/graph_summary_20554230.graph.json", "sha256": "205542303836b797d94a7cf553db25c5cad411f7b0a77646c4e7f9eb53c6707f", "size": 1082}, "loss": 0.02017361620253214, "_runtime": 188.75539660453796, "_timestamp": 1592383596.4384713, "val_accuracy": 0.986299991607666, "val_loss": 0.05751052228761691, "epoch": 9, "examples": {"width": 28, "height": 28, "format": "png", "count": 36, "_type": "images", "captions": [7, 8, 7, 5, 9, 5, 9, 6, 3, 7, 2, 4, 8, 8, 6, 3, 6, 0, 3, 6, 8, 9, 4, 7, 9, 3, 0, 0, 9, 9, 5, 3, 5, 6, 5, 4]}, "accuracy": 0.9936500191688538, "_step": 9, "best_val_loss": 0.05112308722245507, "best_epoch": 5}
