{"graph": {"_type": "graph-file", "path": "media/graph/graph_summary_a86c4f64.graph.json", "sha256": "a86c4f6455b3bbdf5a7da359a24e7e972d035c4090d64430e6423dd68328ad16", "size": 1038}, "epoch": 9, "val_loss": 0.06905914843082428, "val_accuracy": 0.9853000044822693, "loss": 0.019094500690698624, "accuracy": 0.9937833547592163, "_runtime": 128.64150834083557, "_timestamp": 1592674715.4539387, "_step": 9, "best_val_loss": 0.05373780056834221, "best_epoch": 3}
