{"graph": {"_type": "graph-file", "path": "media/graph/graph_summary_0d33a894.graph.json", "sha256": "0d33a894a8f0daf142145a79919abd8f60c0325e14f443c81edbfc0a68c9c8d4", "size": 1036}, "_runtime": 37.71693754196167, "val_accuracy": 0.9872000217437744, "loss": 0.016444405540823936, "epoch": 9, "_timestamp": 1593089967.804016, "_step": 9, "accuracy": 0.9944333434104919, "val_loss": 0.05078636482357979, "best_val_loss": 0.036107804626226425, "best_epoch": 5}
