{"graph": {"_type": "graph-file", "path": "media/graph/graph_summary_309a1cf9.graph.json", "sha256": "309a1cf991674949c8e7f5bdb0f51e0e0c17c1cc40deb22068013f3f0b50169d", "size": 1082}, "loss": 0.01903326107056261, "_runtime": 357.4653172492981, "_timestamp": 1592389728.6810253, "val_accuracy": 0.9854999780654907, "val_loss": 0.06638800001456512, "epoch": 9, "examples": {"width": 28, "height": 28, "format": "png", "count": 36, "_type": "images", "captions": [2, 9, 7, 2, 9, 4, 8, 9, 6, 2, 1, 0, 7, 8, 9, 3, 7, 8, 8, 6, 6, 0, 0, 4, 0, 8, 3, 6, 4, 7, 4, 8, 9, 6, 6, 5]}, "accuracy": 0.9933333396911621, "_step": 9, "best_val_loss": 0.05283735725583974, "best_epoch": 2}
