{"graph": {"_type": "graph-file", "path": "media/graph/graph_summary_a86c4f64.graph.json", "sha256": "a86c4f6455b3bbdf5a7da359a24e7e972d035c4090d64430e6423dd68328ad16", "size": 1038}, "val_accuracy": 0.9848999977111816, "_step": 9, "accuracy": 0.9943833351135254, "loss": 0.016900258138775826, "_timestamp": 1592674476.2257335, "val_loss": 0.060248762369155884, "epoch": 9, "_runtime": 168.11355876922607, "best_val_loss": 0.05277680605649948, "best_epoch": 3}
