{"graph": {"_type": "graph-file", "path": "media/graph/graph_summary_0d33a894.graph.json", "sha256": "0d33a894a8f0daf142145a79919abd8f60c0325e14f443c81edbfc0a68c9c8d4", "size": 1036}, "loss": 0.014243516139686108, "val_accuracy": 0.9894999861717224, "_runtime": 35.5091278553009, "_timestamp": 1593088915.1775079, "_step": 9, "val_loss": 0.034880369901657104, "epoch": 9, "accuracy": 0.9950000047683716, "best_val_loss": 0.034880369901657104, "best_epoch": 9}
