{"graph": {"_type": "graph-file", "path": "media/graph/graph_summary_912c8ada.graph.json", "sha256": "912c8ada7e9a842b44f49e0f1e77ef851a4f783cc29054c260c042e5f523346c", "size": 1082}, "_runtime": 32.142428159713745, "_timestamp": 1593008277.4842126, "_step": 9, "epoch": 9, "loss": 0.021302267909049988, "accuracy": 0.9929999709129333, "val_loss": 0.04180217906832695, "val_accuracy": 0.9872999787330627, "best_val_loss": 0.034507617354393005, "best_epoch": 4}
