{"graph": {"_type": "graph-file", "path": "media/graph/graph_summary_143524a2.graph.json", "sha256": "143524a246aa3164c20dd548e74a660b37ba2e6f9a35ea73f354c9c84abfffa7", "size": 1038}, "accuracy": 0.9931833148002625, "_timestamp": 1592676442.996772, "val_accuracy": 0.9825999736785889, "_runtime": 117.60767030715942, "val_loss": 0.06974685192108154, "epoch": 9, "_step": 9, "loss": 0.019960705190896988, "best_val_loss": 0.05032038688659668, "best_epoch": 3}
