{"graph": {"_type": "graph-file", "path": "media/graph/graph_summary_fed733c8.graph.json", "sha256": "fed733c82a1888b8ffdc7aef817c40ccdd2cfe1f60611880f83c568721367ff9", "size": 1082}, "_timestamp": 1592391049.719847, "epoch": 9, "val_loss": 0.06834677529477885, "examples": {"width": 28, "height": 28, "format": "png", "count": 36, "_type": "images", "captions": [7, 8, 0, 5, 8, 3, 5, 8, 9, 2, 7, 6, 5, 7, 1, 6, 8, 9, 0, 1, 0, 2, 9, 4, 2, 5, 6, 9, 7, 3, 0, 3, 4, 2, 6, 1]}, "val_accuracy": 0.9846000075340271, "_runtime": 379.26458644866943, "accuracy": 0.9938166737556458, "loss": 0.01884233438289375, "_step": 9, "best_val_loss": 0.0526669079516214, "best_epoch": 4}
