{"graph": {"_type": "graph-file", "path": "media/graph/graph_summary_a86c4f64.graph.json", "sha256": "a86c4f6455b3bbdf5a7da359a24e7e972d035c4090d64430e6423dd68328ad16", "size": 1038}, "_timestamp": 1592672722.1386395, "_runtime": 154.32363319396973, "_step": 9, "accuracy": 0.9937333464622498, "loss": 0.01802746392786503, "epoch": 9, "val_loss": 0.07147585600614548, "val_accuracy": 0.9825999736785889, "best_val_loss": 0.05366631969809532, "best_epoch": 6}
