{"graph": {"_type": "graph-file", "path": "media/graph/graph_summary_48fcadcc.graph.json", "sha256": "48fcadcc623fd6cfbfdea732871ad0f8e416a65e7cc723227ec4c22b60a685fa", "size": 1082}, "_runtime": 32.383060932159424, "_timestamp": 1593006844.291965, "_step": 9, "epoch": 9, "loss": 0.016410870477557182, "accuracy": 0.9942833185195923, "val_loss": 0.03697318583726883, "val_accuracy": 0.9891999959945679, "best_val_loss": 0.036407362669706345, "best_epoch": 6}
